"from","to","weight","pairID","pair_type"
"22B0","8787",0.4375,"22B0-8787","other"
"22B0","8C52",0.444444444444444,"22B0-8C52","mother-daughter"
"22B0","4FE4",0.333333333333333,"22B0-4FE4","other"
"22B0","076C",0.193548387096774,"076C-22B0","other"
"22B0","879F",0.28,"22B0-879F","other"
"22B0","418B",0.08,"22B0-418B","other"
"22B0","494F",0.192307692307692,"22B0-494F","other"
"22B0","8B80",0.142857142857143,"22B0-8B80","other"
"22B0","F44A",0.130434782608696,"22B0-F44A","other"
"22B0","44BD",0.037037037037037,"22B0-44BD","other"
"22B0","2D31",0.227272727272727,"22B0-2D31","other"
"22B0","0734",0.107142857142857,"0734-22B0","other"
"22B0","34C9",0.192307692307692,"22B0-34C9","other"
"22B0","9A80",0.192307692307692,"22B0-9A80","other"
"22B0","922C",0.153846153846154,"22B0-922C","other"
"22B0","4ECA",0.181818181818182,"22B0-4ECA","other"
"22B0","39ED",0.08,"22B0-39ED","other"
"22B0","AC35",0.208333333333333,"22B0-AC35","other"
"22B0","BF04",0.0416666666666667,"22B0-BF04","other"
"22B0","4C7B",0.0476190476190476,"22B0-4C7B","other"
"22B0","41C1",0.0555555555555556,"22B0-41C1","other"
"22B0","E063",0.105263157894737,"22B0-E063","other"
"22B0","DCCF",0.0869565217391304,"22B0-DCCF","other"
"22B0","C5F2",0.130434782608696,"22B0-C5F2","other"
"22B0","AA3C",0.304347826086957,"22B0-AA3C","other"
"22B0","80F1",0.0434782608695652,"22B0-80F1","other"
"22B0","CB2B",0.277777777777778,"22B0-CB2B","other"
"22B0","5939",0.0434782608695652,"22B0-5939","other"
"22B0","0387",0.173913043478261,"0387-22B0","other"
"22B0","C809",0.08,"22B0-C809","other"
"22B0","3CC1",0.25,"22B0-3CC1","other"
"22B0","AC37",0.347826086956522,"22B0-AC37","other"
"22B0","F429",0.0769230769230769,"22B0-F429","other"
"22B0","A42D",0.08,"22B0-A42D","other"
"22B0","0145",0.0869565217391304,"0145-22B0","other"
"22B0","A816",0.411764705882353,"22B0-A816","other"
"22B0","9907",0.181818181818182,"22B0-9907","other"
"22B0","A24D",0.0909090909090909,"22B0-A24D","other"
"22B0","D4DC",0.111111111111111,"22B0-D4DC","other"
"22B0","8BE4",0.136363636363636,"22B0-8BE4","other"
"22B0","29B2",0.0454545454545455,"22B0-29B2","other"
"22B0","F377",0.142857142857143,"22B0-F377","other"
"22B0","D629",0.04,"22B0-D629","other"
"22B0","663E",0.142857142857143,"22B0-663E","other"
"22B0","A539",0.125,"22B0-A539","other"
"22B0","B0C8",0.05,"22B0-B0C8","other"
"22B0","FB4B",0.117647058823529,"22B0-FB4B","other"
"22B0","0A62",0.0434782608695652,"0A62-22B0","other"
"22B0","0F3D",0.0909090909090909,"0F3D-22B0","other"
"22B0","0636",0.15,"0636-22B0","other"
"8787","8C52",0.2,"8787-8C52","other"
"8787","4FE4",0.266666666666667,"4FE4-8787","other"
"8787","076C",0.037037037037037,"076C-8787","other"
"8787","879F",0.210526315789474,"8787-879F","other"
"8787","494F",0.0476190476190476,"494F-8787","other"
"8787","8B80",0.0952380952380952,"8787-8B80","other"
"8787","2D31",0.0588235294117647,"2D31-8787","other"
"8787","0734",0.0476190476190476,"0734-8787","other"
"8787","34C9",0.157894736842105,"34C9-8787","other"
"8787","922C",0.05,"8787-922C","other"
"8787","39ED",0.0588235294117647,"39ED-8787","other"
"8787","AC35",0.111111111111111,"8787-AC35","other"
"8787","E063",0.0909090909090909,"8787-E063","other"
"8787","C5F2",0.0625,"8787-C5F2","other"
"8787","AA3C",0.166666666666667,"8787-AA3C","other"
"8787","CB2B",0.272727272727273,"8787-CB2B","other"
"8787","0387",0.125,"0387-8787","other"
"8787","3CC1",0.230769230769231,"3CC1-8787","other"
"8787","AC37",0.222222222222222,"8787-AC37","other"
"8787","F429",0.0555555555555556,"8787-F429","other"
"8787","A42D",0.0588235294117647,"8787-A42D","other"
"8787","A816",0.5,"8787-A816","other"
"8787","9907",0.0625,"8787-9907","other"
"8787","A24D",0.0714285714285714,"8787-A24D","other"
"8787","8BE4",0.142857142857143,"8787-8BE4","other"
"8787","F377",0.153846153846154,"8787-F377","other"
"8787","663E",0.25,"663E-8787","other"
"8787","A539",0.285714285714286,"8787-A539","other"
"8C52","4FE4",0.4,"4FE4-8C52","other"
"8C52","076C",0.466666666666667,"076C-8C52","other"
"8C52","879F",0.392857142857143,"879F-8C52","other"
"8C52","418B",0.214285714285714,"418B-8C52","other"
"8C52","494F",0.357142857142857,"494F-8C52","other"
"8C52","8B80",0.3,"8B80-8C52","other"
"8C52","F44A",0.137931034482759,"8C52-F44A","other"
"8C52","44BD",0.166666666666667,"44BD-8C52","other"
"8C52","2D31",0.172413793103448,"2D31-8C52","other"
"8C52","0734",0.0857142857142857,"0734-8C52","other"
"8C52","34C9",0.310344827586207,"34C9-8C52","other"
"8C52","9A80",0.266666666666667,"8C52-9A80","other"
"8C52","922C",0.193548387096774,"8C52-922C","other"
"8C52","4ECA",0.178571428571429,"4ECA-8C52","other"
"8C52","39ED",0.0967741935483871,"39ED-8C52","other"
"8C52","AC35",0.2,"8C52-AC35","other"
"8C52","BF04",0.032258064516129,"8C52-BF04","other"
"8C52","4C7B",0.0357142857142857,"4C7B-8C52","other"
"8C52","41C1",0.04,"41C1-8C52","other"
"8C52","E063",0.0769230769230769,"8C52-E063","other"
"8C52","DCCF",0.103448275862069,"8C52-DCCF","other"
"8C52","C5F2",0.0645161290322581,"8C52-C5F2","other"
"8C52","AA3C",0.37037037037037,"8C52-AA3C","other"
"8C52","80F1",0.0333333333333333,"80F1-8C52","other"
"8C52","CB2B",0.153846153846154,"8C52-CB2B","other"
"8C52","5939",0.0333333333333333,"5939-8C52","other"
"8C52","0387",0.214285714285714,"0387-8C52","other"
"8C52","C809",0.0967741935483871,"8C52-C809","other"
"8C52","3CC1",0.142857142857143,"3CC1-8C52","other"
"8C52","AC37",0.357142857142857,"8C52-AC37","other"
"8C52","F429",0.0606060606060606,"8C52-F429","other"
"8C52","A42D",0.133333333333333,"8C52-A42D","other"
"8C52","0145",0.103448275862069,"0145-8C52","other"
"8C52","A816",0.192307692307692,"8C52-A816","other"
"8C52","9907",0.137931034482759,"8C52-9907","other"
"8C52","A24D",0.107142857142857,"8C52-A24D","other"
"8C52","D4DC",0.08,"8C52-D4DC","other"
"8C52","8BE4",0.142857142857143,"8BE4-8C52","other"
"8C52","29B2",0.0714285714285714,"29B2-8C52","other"
"8C52","F377",0.107142857142857,"8C52-F377","other"
"8C52","D629",0.03125,"8C52-D629","other"
"8C52","663E",0.0689655172413793,"663E-8C52","other"
"8C52","B0C8",0.037037037037037,"8C52-B0C8","other"
"8C52","FB4B",0.130434782608696,"8C52-FB4B","other"
"8C52","0A62",0.0689655172413793,"0A62-8C52","other"
"8C52","0F3D",0.192307692307692,"0F3D-8C52","other"
"8C52","0636",0.153846153846154,"0636-8C52","other"
"4FE4","076C",0.32,"076C-4FE4","other"
"4FE4","879F",0.473684210526316,"4FE4-879F","other"
"4FE4","418B",0.15,"418B-4FE4","other"
"4FE4","494F",0.285714285714286,"494F-4FE4","other"
"4FE4","8B80",0.166666666666667,"4FE4-8B80","other"
"4FE4","F44A",0.222222222222222,"4FE4-F44A","other"
"4FE4","44BD",0.0909090909090909,"44BD-4FE4","other"
"4FE4","2D31",0.0454545454545455,"2D31-4FE4","other"
"4FE4","0734",0.08,"0734-4FE4","other"
"4FE4","34C9",0.08,"34C9-4FE4","other"
"4FE4","9A80",0.285714285714286,"4FE4-9A80","other"
"4FE4","922C",0.0833333333333333,"4FE4-922C","other"
"4FE4","4ECA",0.157894736842105,"4ECA-4FE4","other"
"4FE4","39ED",0.0454545454545455,"39ED-4FE4","other"
"4FE4","E063",0.0625,"4FE4-E063","other"
"4FE4","C5F2",0.0476190476190476,"4FE4-C5F2","other"
"4FE4","AA3C",0.130434782608696,"4FE4-AA3C","other"
"4FE4","CB2B",0.117647058823529,"4FE4-CB2B","other"
"4FE4","0387",0.0952380952380952,"0387-4FE4","other"
"4FE4","3CC1",0.166666666666667,"3CC1-4FE4","other"
"4FE4","AC37",0.125,"4FE4-AC37","other"
"4FE4","F429",0.0434782608695652,"4FE4-F429","other"
"4FE4","A42D",0.0952380952380952,"4FE4-A42D","other"
"4FE4","A816",0.176470588235294,"4FE4-A816","other"
"4FE4","9907",0.0476190476190476,"4FE4-9907","other"
"4FE4","A24D",0.0526315789473684,"4FE4-A24D","other"
"4FE4","D4DC",0.0666666666666667,"4FE4-D4DC","other"
"4FE4","8BE4",0.05,"4FE4-8BE4","other"
"4FE4","F377",0.0526315789473684,"4FE4-F377","other"
"4FE4","663E",0.111111111111111,"4FE4-663E","other"
"4FE4","A539",0.0769230769230769,"4FE4-A539","other"
"076C","879F",0.37037037037037,"076C-879F","other"
"076C","418B",0.333333333333333,"076C-418B","other"
"076C","494F",0.44,"076C-494F","other"
"076C","8B80",0.275862068965517,"076C-8B80","other"
"076C","F44A",0.291666666666667,"076C-F44A","other"
"076C","44BD",0.222222222222222,"076C-44BD","other"
"076C","2D31",0.230769230769231,"076C-2D31","other"
"076C","0734",0.0285714285714286,"0734-076C","other"
"076C","34C9",0.125,"076C-34C9","other"
"076C","9A80",0.285714285714286,"076C-9A80","other"
"076C","922C",0.25,"076C-922C","other"
"076C","4ECA",0.192307692307692,"076C-4ECA","other"
"076C","39ED",0.0666666666666667,"076C-39ED","other"
"076C","AC35",0.172413793103448,"076C-AC35","other"
"076C","BF04",0.0344827586206897,"076C-BF04","other"
"076C","4C7B",0.125,"076C-4C7B","other"
"076C","41C1",0.0909090909090909,"076C-41C1","other"
"076C","E063",0.130434782608696,"076C-E063","other"
"076C","DCCF",0.0344827586206897,"076C-DCCF","other"
"076C","C5F2",0.0689655172413793,"076C-C5F2","other"
"076C","AA3C",0.206896551724138,"076C-AA3C","other"
"076C","80F1",0.0357142857142857,"076C-80F1","other"
"076C","CB2B",0.0769230769230769,"076C-CB2B","other"
"076C","5939",0.0740740740740741,"076C-5939","other"
"076C","0387",0.230769230769231,"0387-076C","other"
"076C","C809",0.103448275862069,"076C-C809","other"
"076C","3CC1",0.0714285714285714,"076C-3CC1","other"
"076C","AC37",0.161290322580645,"076C-AC37","other"
"076C","F429",0.137931034482759,"076C-F429","other"
"076C","A42D",0.0666666666666667,"076C-A42D","other"
"076C","0145",0.0714285714285714,"0145-076C","other"
"076C","A816",0.115384615384615,"076C-A816","other"
"076C","9907",0.192307692307692,"076C-9907","other"
"076C","A24D",0.16,"076C-A24D","other"
"076C","D4DC",0.136363636363636,"076C-D4DC","other"
"076C","8BE4",0.111111111111111,"076C-8BE4","other"
"076C","29B2",0.037037037037037,"076C-29B2","other"
"076C","F377",0.0357142857142857,"076C-F377","other"
"076C","B8A2",0.0434782608695652,"076C-B8A2","other"
"076C","FB4B",0.0909090909090909,"076C-FB4B","other"
"076C","0A62",0.0357142857142857,"076C-0A62","other"
"076C","0F3D",0.0357142857142857,"076C-0F3D","other"
"076C","0636",0.0769230769230769,"0636-076C","other"
"879F","418B",0.173913043478261,"418B-879F","other"
"879F","494F",0.291666666666667,"494F-879F","other"
"879F","8B80",0.185185185185185,"879F-8B80","other"
"879F","F44A",0.181818181818182,"879F-F44A","other"
"879F","44BD",0.166666666666667,"44BD-879F","other"
"879F","2D31",0.125,"2D31-879F","other"
"879F","0734",0.0333333333333333,"0734-879F","other"
"879F","34C9",0.192307692307692,"34C9-879F","other"
"879F","9A80",0.291666666666667,"879F-9A80","other"
"879F","922C",0.111111111111111,"879F-922C","other"
"879F","4ECA",0.181818181818182,"4ECA-879F","other"
"879F","AC35",0.115384615384615,"879F-AC35","other"
"879F","4C7B",0.0476190476190476,"4C7B-879F","other"
"879F","C5F2",0.04,"879F-C5F2","other"
"879F","AA3C",0.111111111111111,"879F-AA3C","other"
"879F","CB2B",0.15,"879F-CB2B","other"
"879F","0387",0.08,"0387-879F","other"
"879F","3CC1",0.0869565217391304,"3CC1-879F","other"
"879F","AC37",0.24,"879F-AC37","other"
"879F","A42D",0.08,"879F-A42D","other"
"879F","A816",0.142857142857143,"879F-A816","other"
"879F","9907",0.0833333333333333,"879F-9907","other"
"879F","A24D",0.0434782608695652,"879F-A24D","other"
"879F","D4DC",0.0526315789473684,"879F-D4DC","other"
"879F","F377",0.0434782608695652,"879F-F377","other"
"879F","B8A2",0.0555555555555556,"879F-B8A2","other"
"879F","663E",0.142857142857143,"663E-879F","other"
"879F","A539",0.125,"879F-A539","other"
"879F","FB4B",0.0555555555555556,"879F-FB4B","other"
"879F","0A62",0.0434782608695652,"0A62-879F","other"
"879F","0F3D",0.0434782608695652,"0F3D-879F","mother-daughter"
"879F","0636",0.0454545454545455,"0636-879F","other"
"418B","494F",0.444444444444444,"418B-494F","other"
"418B","8B80",0.285714285714286,"418B-8B80","other"
"418B","F44A",0.235294117647059,"418B-F44A","other"
"418B","44BD",0.277777777777778,"418B-44BD","other"
"418B","2D31",0.294117647058824,"2D31-418B","other"
"418B","0734",0.0833333333333333,"0734-418B","other"
"418B","34C9",0.04,"34C9-418B","other"
"418B","9A80",0.3,"418B-9A80","other"
"418B","922C",0.25,"418B-922C","other"
"418B","AC35",0.0909090909090909,"418B-AC35","other"
"418B","4C7B",0.0625,"418B-4C7B","other"
"418B","DCCF",0.0526315789473684,"418B-DCCF","other"
"418B","C5F2",0.105263157894737,"418B-C5F2","other"
"418B","AA3C",0.19047619047619,"418B-AA3C","other"
"418B","CB2B",0.0588235294117647,"418B-CB2B","other"
"418B","0387",0.157894736842105,"0387-418B","other"
"418B","C809",0.1,"418B-C809","other"
"418B","3CC1",0.0526315789473684,"3CC1-418B","other"
"418B","AC37",0.181818181818182,"418B-AC37","other"
"418B","F429",0.0454545454545455,"418B-F429","other"
"418B","A42D",0.0476190476190476,"418B-A42D","other"
"418B","0145",0.0526315789473684,"0145-418B","other"
"418B","A816",0.0555555555555556,"418B-A816","other"
"418B","9907",0.05,"418B-9907","other"
"418B","A24D",0.117647058823529,"418B-A24D","other"
"418B","D4DC",0.153846153846154,"418B-D4DC","other"
"418B","8BE4",0.111111111111111,"418B-8BE4","other"
"418B","29B2",0.0588235294117647,"29B2-418B","other"
"418B","F377",0.0555555555555556,"418B-F377","other"
"418B","D629",0.05,"418B-D629","other"
"418B","B8A2",0.0769230769230769,"418B-B8A2","other"
"418B","FB4B",0.0769230769230769,"418B-FB4B","other"
"418B","0F3D",0.0555555555555556,"0F3D-418B","other"
"418B","0636",0.125,"0636-418B","other"
"494F","8B80",0.476190476190476,"494F-8B80","other"
"494F","F44A",0.19047619047619,"494F-F44A","other"
"494F","44BD",0.173913043478261,"44BD-494F","other"
"494F","2D31",0.238095238095238,"2D31-494F","other"
"494F","0734",0.0344827586206897,"0734-494F","other"
"494F","34C9",0.111111111111111,"34C9-494F","other"
"494F","9A80",0.363636363636364,"494F-9A80","other"
"494F","922C",0.380952380952381,"494F-922C","other"
"494F","4ECA",0.136363636363636,"494F-4ECA","other"
"494F","39ED",0.04,"39ED-494F","other"
"494F","AC35",0.0769230769230769,"494F-AC35","other"
"494F","E063",0.0526315789473684,"494F-E063","other"
"494F","C5F2",0.0416666666666667,"494F-C5F2","other"
"494F","AA3C",0.16,"494F-AA3C","other"
"494F","0387",0.181818181818182,"0387-494F","other"
"494F","C809",0.04,"494F-C809","other"
"494F","3CC1",0.0434782608695652,"3CC1-494F","other"
"494F","AC37",0.0714285714285714,"494F-AC37","other"
"494F","F429",0.08,"494F-F429","other"
"494F","A816",0.0952380952380952,"494F-A816","other"
"494F","9907",0.0869565217391304,"494F-9907","other"
"494F","A24D",0.15,"494F-A24D","other"
"494F","D4DC",0.117647058823529,"494F-D4DC","other"
"494F","8BE4",0.0909090909090909,"494F-8BE4","other"
"494F","B0C8",0.0526315789473684,"494F-B0C8","other"
"494F","FB4B",0.0588235294117647,"494F-FB4B","other"
"494F","0A62",0.0454545454545455,"0A62-494F","other"
"494F","0F3D",0.0952380952380952,"0F3D-494F","other"
"494F","0636",0.157894736842105,"0636-494F","other"
"8B80","F44A",0.0833333333333333,"8B80-F44A","other"
"8B80","44BD",0.217391304347826,"44BD-8B80","other"
"8B80","2D31",0.227272727272727,"2D31-8B80","mother-daughter"
"8B80","0734",0.0333333333333333,"0734-8B80","other"
"8B80","34C9",0.148148148148148,"34C9-8B80","other"
"8B80","9A80",0.192307692307692,"8B80-9A80","other"
"8B80","922C",0.5,"8B80-922C","other"
"8B80","39ED",0.0384615384615385,"39ED-8B80","other"
"8B80","AC35",0.115384615384615,"8B80-AC35","other"
"8B80","4C7B",0.0476190476190476,"4C7B-8B80","other"
"8B80","41C1",0.0555555555555556,"41C1-8B80","other"
"8B80","E063",0.105263157894737,"8B80-E063","other"
"8B80","C5F2",0.04,"8B80-C5F2","other"
"8B80","AA3C",0.2,"8B80-AA3C","other"
"8B80","0387",0.227272727272727,"0387-8B80","other"
"8B80","C809",0.0384615384615385,"8B80-C809","other"
"8B80","3CC1",0.0416666666666667,"3CC1-8B80","other"
"8B80","AC37",0.107142857142857,"8B80-AC37","other"
"8B80","F429",0.0769230769230769,"8B80-F429","other"
"8B80","A42D",0.0384615384615385,"8B80-A42D","other"
"8B80","A816",0.142857142857143,"8B80-A816","other"
"8B80","9907",0.238095238095238,"8B80-9907","other"
"8B80","A24D",0.263157894736842,"8B80-A24D","other"
"8B80","D4DC",0.0526315789473684,"8B80-D4DC","other"
"8B80","8BE4",0.19047619047619,"8B80-8BE4","other"
"8B80","F377",0.142857142857143,"8B80-F377","other"
"8B80","B0C8",0.105263157894737,"8B80-B0C8","other"
"8B80","FB4B",0.117647058823529,"8B80-FB4B","other"
"8B80","0A62",0.142857142857143,"0A62-8B80","other"
"8B80","0F3D",0.142857142857143,"0F3D-8B80","other"
"8B80","0636",0.277777777777778,"0636-8B80","other"
"F44A","44BD",0.222222222222222,"44BD-F44A","other"
"F44A","2D31",0.166666666666667,"2D31-F44A","other"
"F44A","0734",0.0416666666666667,"0734-F44A","other"
"F44A","34C9",0.0416666666666667,"34C9-F44A","other"
"F44A","9A80",0.25,"9A80-F44A","other"
"F44A","922C",0.263157894736842,"922C-F44A","mother-daughter"
"F44A","4ECA",0.111111111111111,"4ECA-F44A","other"
"F44A","AC35",0.0454545454545455,"AC35-F44A","other"
"F44A","4C7B",0.0666666666666667,"4C7B-F44A","other"
"F44A","41C1",0.0833333333333333,"41C1-F44A","other"
"F44A","E063",0.0714285714285714,"E063-F44A","other"
"F44A","AA3C",0.0909090909090909,"AA3C-F44A","other"
"F44A","5939",0.0588235294117647,"5939-F44A","other"
"F44A","0387",0.05,"0387-F44A","other"
"F44A","AC37",0.0416666666666667,"AC37-F44A","other"
"F44A","A42D",0.05,"A42D-F44A","other"
"F44A","A816",0.0588235294117647,"A816-F44A","other"
"F44A","9907",0.176470588235294,"9907-F44A","other"
"F44A","A24D",0.125,"A24D-F44A","other"
"F44A","D4DC",0.0769230769230769,"D4DC-F44A","other"
"F44A","8BE4",0.117647058823529,"8BE4-F44A","other"
"F44A","F377",0.125,"F377-F44A","other"
"F44A","B8A2",0.0833333333333333,"B8A2-F44A","other"
"44BD","2D31",0.0454545454545455,"2D31-44BD","other"
"44BD","0734",0.227272727272727,"0734-44BD","other"
"44BD","34C9",0.173913043478261,"34C9-44BD","other"
"44BD","9A80",0.285714285714286,"44BD-9A80","other"
"44BD","922C",0.181818181818182,"44BD-922C","other"
"44BD","AC35",0.0416666666666667,"44BD-AC35","other"
"44BD","4C7B",0.0588235294117647,"44BD-4C7B","other"
"44BD","41C1",0.0714285714285714,"41C1-44BD","other"
"44BD","E063",0.0625,"44BD-E063","other"
"44BD","DCCF",0.105263157894737,"44BD-DCCF","other"
"44BD","C5F2",0.1,"44BD-C5F2","other"
"44BD","AA3C",0.181818181818182,"44BD-AA3C","other"
"44BD","CB2B",0.117647058823529,"44BD-CB2B","other"
"44BD","5939",0.111111111111111,"44BD-5939","other"
"44BD","0387",0.210526315789474,"0387-44BD","other"
"44BD","C809",0.0952380952380952,"44BD-C809","other"
"44BD","3CC1",0.05,"3CC1-44BD","other"
"44BD","AC37",0.125,"44BD-AC37","other"
"44BD","F429",0.0434782608695652,"44BD-F429","other"
"44BD","A42D",0.15,"44BD-A42D","other"
"44BD","0145",0.105263157894737,"0145-44BD","other"
"44BD","9907",0.157894736842105,"44BD-9907","other"
"44BD","A24D",0.333333333333333,"44BD-A24D","other"
"44BD","D4DC",0.142857142857143,"44BD-D4DC","other"
"44BD","8BE4",0.5,"44BD-8BE4","other"
"44BD","29B2",0.0555555555555556,"29B2-44BD","other"
"44BD","F377",0.25,"44BD-F377","other"
"44BD","D629",0.0476190476190476,"44BD-D629","other"
"44BD","B8A2",0.153846153846154,"44BD-B8A2","other"
"44BD","663E",0.111111111111111,"44BD-663E","other"
"44BD","0F3D",0.0526315789473684,"0F3D-44BD","other"
"2D31","0734",0.04,"0734-2D31","other"
"2D31","34C9",0.3,"2D31-34C9","other"
"2D31","9A80",0.130434782608696,"2D31-9A80","other"
"2D31","922C",0.31578947368421,"2D31-922C","other"
"2D31","39ED",0.0476190476190476,"2D31-39ED","other"
"2D31","AC35",0.333333333333333,"2D31-AC35","other"
"2D31","4C7B",0.0625,"2D31-4C7B","other"
"2D31","E063",0.0666666666666667,"2D31-E063","other"
"2D31","AA3C",0.31578947368421,"2D31-AA3C","other"
"2D31","0387",0.1,"0387-2D31","other"
"2D31","3CC1",0.0526315789473684,"2D31-3CC1","other"
"2D31","AC37",0.238095238095238,"2D31-AC37","other"
"2D31","F429",0.0454545454545455,"2D31-F429","other"
"2D31","A42D",0.0476190476190476,"2D31-A42D","other"
"2D31","A816",0.1875,"2D31-A816","other"
"2D31","9907",0.3125,"2D31-9907","other"
"2D31","A24D",0.0555555555555556,"2D31-A24D","other"
"2D31","8BE4",0.0526315789473684,"2D31-8BE4","other"
"2D31","B8A2",0.0769230769230769,"2D31-B8A2","other"
"2D31","B0C8",0.0666666666666667,"2D31-B0C8","other"
"2D31","FB4B",0.272727272727273,"2D31-FB4B","other"
"2D31","0A62",0.117647058823529,"0A62-2D31","other"
"2D31","0F3D",0.266666666666667,"0F3D-2D31","other"
"2D31","0636",0.384615384615385,"0636-2D31","other"
"0734","34C9",0.153846153846154,"0734-34C9","other"
"0734","9A80",0.153846153846154,"0734-9A80","other"
"0734","922C",0.0740740740740741,"0734-922C","other"
"0734","39ED",0.04,"0734-39ED","other"
"0734","AC35",0.037037037037037,"0734-AC35","other"
"0734","4C7B",0.105263157894737,"0734-4C7B","other"
"0734","DCCF",0.0909090909090909,"0734-DCCF","other"
"0734","C5F2",0.0869565217391304,"0734-C5F2","other"
"0734","AA3C",0.16,"0734-AA3C","other"
"0734","CB2B",0.157894736842105,"0734-CB2B","other"
"0734","5939",0.277777777777778,"0734-5939","other"
"0734","0387",0.130434782608696,"0387-0734","other"
"0734","C809",0.0833333333333333,"0734-C809","other"
"0734","3CC1",0.0434782608695652,"0734-3CC1","other"
"0734","AC37",0.111111111111111,"0734-AC37","other"
"0734","F429",0.0384615384615385,"0734-F429","other"
"0734","A42D",0.368421052631579,"0734-A42D","other"
"0734","0145",0.0909090909090909,"0145-0734","other"
"0734","A816",0.0454545454545455,"0734-A816","other"
"0734","9907",0.0416666666666667,"0734-9907","other"
"0734","A24D",0.15,"0734-A24D","other"
"0734","D4DC",0.117647058823529,"0734-D4DC","other"
"0734","8BE4",0.263157894736842,"0734-8BE4","other"
"0734","29B2",0.0476190476190476,"0734-29B2","other"
"0734","F377",0.210526315789474,"0734-F377","other"
"0734","D629",0.0416666666666667,"0734-D629","other"
"0734","B8A2",0.125,"0734-B8A2","other"
"0734","663E",0.352941176470588,"0734-663E","other"
"0734","B0C8",0.0526315789473684,"0734-B0C8","other"
"0734","0A62",0.15,"0734-0A62","other"
"0734","1270",0.133333333333333,"0734-1270","other"
"0734","0F3D",0.0454545454545455,"0734-0F3D","other"
"34C9","9A80",0.0714285714285714,"34C9-9A80","other"
"34C9","922C",0.16,"34C9-922C","other"
"34C9","39ED",0.0833333333333333,"34C9-39ED","other"
"34C9","AC35",0.272727272727273,"34C9-AC35","other"
"34C9","E063",0.0526315789473684,"34C9-E063","other"
"34C9","DCCF",0.0434782608695652,"34C9-DCCF","other"
"34C9","AA3C",0.318181818181818,"34C9-AA3C","other"
"34C9","CB2B",0.157894736842105,"34C9-CB2B","other"
"34C9","5939",0.0454545454545455,"34C9-5939","other"
"34C9","0387",0.181818181818182,"0387-34C9","other"
"34C9","C809",0.04,"34C9-C809","other"
"34C9","3CC1",0.0909090909090909,"34C9-3CC1","other"
"34C9","AC37",0.428571428571429,"34C9-AC37","other"
"34C9","F429",0.08,"34C9-F429","other"
"34C9","A42D",0.130434782608696,"34C9-A42D","other"
"34C9","0145",0.0909090909090909,"0145-34C9","other"
"34C9","A816",0.15,"34C9-A816","other"
"34C9","9907",0.136363636363636,"34C9-9907","other"
"34C9","A24D",0.0952380952380952,"34C9-A24D","other"
"34C9","8BE4",0.2,"34C9-8BE4","other"
"34C9","29B2",0.0476190476190476,"29B2-34C9","other"
"34C9","F377",0.0454545454545455,"34C9-F377","other"
"34C9","B8A2",0.0588235294117647,"34C9-B8A2","other"
"34C9","663E",0.210526315789474,"34C9-663E","other"
"34C9","A539",0.0625,"34C9-A539","other"
"34C9","B0C8",0.111111111111111,"34C9-B0C8","other"
"34C9","FB4B",0.125,"34C9-FB4B","other"
"34C9","0A62",0.15,"0A62-34C9","other"
"34C9","0F3D",0.352941176470588,"0F3D-34C9","other"
"34C9","0636",0.222222222222222,"0636-34C9","other"
"9A80","922C",0.16,"922C-9A80","other"
"9A80","4ECA",0.136363636363636,"4ECA-9A80","other"
"9A80","AC35",0.12,"9A80-AC35","other"
"9A80","4C7B",0.166666666666667,"4C7B-9A80","other"
"9A80","41C1",0.0588235294117647,"41C1-9A80","other"
"9A80","E063",0.0526315789473684,"9A80-E063","other"
"9A80","DCCF",0.0909090909090909,"9A80-DCCF","other"
"9A80","C5F2",0.0416666666666667,"9A80-C5F2","other"
"9A80","AA3C",0.115384615384615,"9A80-AA3C","other"
"9A80","CB2B",0.0476190476190476,"9A80-CB2B","other"
"9A80","5939",0.0454545454545455,"5939-9A80","other"
"9A80","0387",0.0833333333333333,"0387-9A80","other"
"9A80","C809",0.04,"9A80-C809","other"
"9A80","3CC1",0.0434782608695652,"3CC1-9A80","other"
"9A80","AC37",0.0714285714285714,"9A80-AC37","other"
"9A80","A42D",0.238095238095238,"9A80-A42D","other"
"9A80","0145",0.0434782608695652,"0145-9A80","other"
"9A80","A816",0.0454545454545455,"9A80-A816","other"
"9A80","9907",0.19047619047619,"9907-9A80","other"
"9A80","A24D",0.210526315789474,"9A80-A24D","other"
"9A80","D4DC",0.117647058823529,"9A80-D4DC","other"
"9A80","8BE4",0.0909090909090909,"8BE4-9A80","other"
"9A80","29B2",0.0476190476190476,"29B2-9A80","other"
"9A80","F377",0.0952380952380952,"9A80-F377","other"
"9A80","D629",0.0416666666666667,"9A80-D629","other"
"9A80","B8A2",0.0588235294117647,"9A80-B8A2","other"
"9A80","663E",0.0454545454545455,"663E-9A80","other"
"9A80","B0C8",0.111111111111111,"9A80-B0C8","other"
"9A80","0A62",0.0952380952380952,"0A62-9A80","other"
"9A80","1270",0.0625,"1270-9A80","other"
"9A80","0F3D",0.0952380952380952,"0F3D-9A80","other"
"9A80","0636",0.0476190476190476,"0636-9A80","other"
"922C","4ECA",0.0434782608695652,"4ECA-922C","other"
"922C","39ED",0.0416666666666667,"39ED-922C","other"
"922C","AC35",0.08,"922C-AC35","other"
"922C","4C7B",0.0526315789473684,"4C7B-922C","other"
"922C","41C1",0.133333333333333,"41C1-922C","other"
"922C","E063",0.1875,"922C-E063","other"
"922C","C5F2",0.0434782608695652,"922C-C5F2","other"
"922C","AA3C",0.272727272727273,"922C-AA3C","other"
"922C","5939",0.0476190476190476,"5939-922C","other"
"922C","0387",0.19047619047619,"0387-922C","other"
"922C","C809",0.0416666666666667,"922C-C809","other"
"922C","3CC1",0.0454545454545455,"3CC1-922C","other"
"922C","AC37",0.115384615384615,"922C-AC37","other"
"922C","F429",0.0833333333333333,"922C-F429","other"
"922C","A42D",0.0416666666666667,"922C-A42D","other"
"922C","A816",0.1,"922C-A816","other"
"922C","9907",0.333333333333333,"922C-9907","other"
"922C","A24D",0.294117647058824,"922C-A24D","other"
"922C","D4DC",0.0588235294117647,"922C-D4DC","other"
"922C","8BE4",0.210526315789474,"8BE4-922C","other"
"922C","F377",0.157894736842105,"922C-F377","other"
"922C","B0C8",0.117647058823529,"922C-B0C8","other"
"922C","FB4B",0.133333333333333,"922C-FB4B","other"
"922C","0A62",0.157894736842105,"0A62-922C","other"
"922C","0F3D",0.157894736842105,"0F3D-922C","other"
"922C","0636",0.3125,"0636-922C","other"
"4ECA","39ED",0.235294117647059,"39ED-4ECA","other"
"4ECA","AC35",0.0454545454545455,"4ECA-AC35","other"
"4ECA","BF04",0.357142857142857,"4ECA-BF04","other"
"4ECA","4C7B",0.0666666666666667,"4C7B-4ECA","other"
"4ECA","41C1",0.0833333333333333,"41C1-4ECA","other"
"4ECA","E063",0.0714285714285714,"4ECA-E063","other"
"4ECA","DCCF",0.357142857142857,"4ECA-DCCF","other"
"4ECA","C5F2",0.176470588235294,"4ECA-C5F2","other"
"4ECA","AA3C",0.0434782608695652,"4ECA-AA3C","other"
"4ECA","80F1",0.384615384615385,"4ECA-80F1","other"
"4ECA","CB2B",0.0625,"4ECA-CB2B","other"
"4ECA","5939",0.0588235294117647,"4ECA-5939","other"
"4ECA","0387",0.05,"0387-4ECA","other"
"4ECA","C809",0.3125,"4ECA-C809","other"
"4ECA","3CC1",0.117647058823529,"3CC1-4ECA","other"
"4ECA","AC37",0.0416666666666667,"4ECA-AC37","other"
"4ECA","F429",0.157894736842105,"4ECA-F429","other"
"4ECA","A42D",0.05,"4ECA-A42D","other"
"4ECA","0145",0.266666666666667,"0145-4ECA","other"
"4ECA","A816",0.0588235294117647,"4ECA-A816","other"
"4ECA","9907",0.0526315789473684,"4ECA-9907","other"
"4ECA","D4DC",0.0769230769230769,"4ECA-D4DC","other"
"4ECA","29B2",0.214285714285714,"29B2-4ECA","other"
"4ECA","D629",0.333333333333333,"4ECA-D629","other"
"4ECA","A5EF",0.181818181818182,"4ECA-A5EF","other"
"39ED","AC35",0.0909090909090909,"39ED-AC35","other"
"39ED","BF04",0.538461538461538,"39ED-BF04","other"
"39ED","4C7B",0.0625,"39ED-4C7B","other"
"39ED","41C1",0.0769230769230769,"39ED-41C1","other"
"39ED","E063",0.142857142857143,"39ED-E063","other"
"39ED","DCCF",0.428571428571429,"39ED-DCCF","other"
"39ED","C5F2",0.5,"39ED-C5F2","other"
"39ED","AA3C",0.136363636363636,"39ED-AA3C","other"
"39ED","80F1",0.583333333333333,"39ED-80F1","other"
"39ED","CB2B",0.0588235294117647,"39ED-CB2B","other"
"39ED","5939",0.0555555555555556,"39ED-5939","other"
"39ED","0387",0.1,"0387-39ED","other"
"39ED","C809",0.466666666666667,"39ED-C809","other"
"39ED","3CC1",0.428571428571429,"39ED-3CC1","other"
"39ED","AC37",0.0833333333333333,"39ED-AC37","other"
"39ED","F429",0.533333333333333,"39ED-F429","other"
"39ED","A42D",0.157894736842105,"39ED-A42D","other"
"39ED","0145",0.333333333333333,"0145-39ED","other"
"39ED","A816",0.117647058823529,"39ED-A816","other"
"39ED","9907",0.105263157894737,"39ED-9907","other"
"39ED","A24D",0.0555555555555556,"39ED-A24D","other"
"39ED","8BE4",0.0526315789473684,"39ED-8BE4","other"
"39ED","29B2",0.2,"29B2-39ED","other"
"39ED","F377",0.0555555555555556,"39ED-F377","other"
"39ED","D629",0.4,"39ED-D629","other"
"39ED","663E",0.0555555555555556,"39ED-663E","other"
"39ED","A5EF",0.272727272727273,"39ED-A5EF","other"
"39ED","B0C8",0.0666666666666667,"39ED-B0C8","other"
"39ED","0A62",0.117647058823529,"0A62-39ED","other"
"39ED","0F3D",0.0555555555555556,"0F3D-39ED","other"
"AC35","BF04",0.0476190476190476,"AC35-BF04","other"
"AC35","4C7B",0.0555555555555556,"4C7B-AC35","other"
"AC35","41C1",0.0666666666666667,"41C1-AC35","other"
"AC35","E063",0.0588235294117647,"AC35-E063","other"
"AC35","DCCF",0.1,"AC35-DCCF","other"
"AC35","C5F2",0.0454545454545455,"AC35-C5F2","other"
"AC35","AA3C",0.35,"AA3C-AC35","other"
"AC35","80F1",0.05,"80F1-AC35","other"
"AC35","CB2B",0.111111111111111,"AC35-CB2B","other"
"AC35","5939",0.05,"5939-AC35","other"
"AC35","0387",0.0434782608695652,"0387-AC35","other"
"AC35","C809",0.0434782608695652,"AC35-C809","other"
"AC35","3CC1",0.0476190476190476,"3CC1-AC35","other"
"AC35","AC37",0.217391304347826,"AC35-AC37","other"
"AC35","F429",0.0416666666666667,"AC35-F429","other"
"AC35","A42D",0.142857142857143,"A42D-AC35","other"
"AC35","0145",0.0476190476190476,"0145-AC35","other"
"AC35","A816",0.3125,"A816-AC35","other"
"AC35","9907",0.210526315789474,"9907-AC35","other"
"AC35","8BE4",0.1,"8BE4-AC35","other"
"AC35","F377",0.05,"AC35-F377","other"
"AC35","663E",0.05,"663E-AC35","other"
"AC35","A539",0.0714285714285714,"A539-AC35","other"
"AC35","B0C8",0.125,"AC35-B0C8","other"
"AC35","FB4B",0.142857142857143,"AC35-FB4B","other"
"AC35","0A62",0.166666666666667,"0A62-AC35","other"
"AC35","0F3D",0.3125,"0F3D-AC35","other"
"AC35","0636",0.176470588235294,"0636-AC35","other"
"BF04","4C7B",0.0714285714285714,"4C7B-BF04","other"
"BF04","41C1",0.0909090909090909,"41C1-BF04","other"
"BF04","E063",0.0769230769230769,"BF04-E063","other"
"BF04","DCCF",0.5,"BF04-DCCF","other"
"BF04","C5F2",0.461538461538462,"BF04-C5F2","other"
"BF04","AA3C",0.0454545454545455,"AA3C-BF04","other"
"BF04","80F1",0.545454545454545,"80F1-BF04","other"
"BF04","CB2B",0.0666666666666667,"BF04-CB2B","other"
"BF04","5939",0.0625,"5939-BF04","other"
"BF04","0387",0.0526315789473684,"0387-BF04","other"
"BF04","C809",0.666666666666667,"BF04-C809","other"
"BF04","3CC1",0.285714285714286,"3CC1-BF04","other"
"BF04","AC37",0.0434782608695652,"AC37-BF04","other"
"BF04","F429",0.5,"BF04-F429","other"
"BF04","A42D",0.0526315789473684,"A42D-BF04","other"
"BF04","0145",0.384615384615385,"0145-BF04","other"
"BF04","A816",0.0625,"A816-BF04","other"
"BF04","9907",0.0555555555555556,"9907-BF04","other"
"BF04","29B2",0.333333333333333,"29B2-BF04","other"
"BF04","D629",0.583333333333333,"BF04-D629","other"
"BF04","A5EF",0.333333333333333,"A5EF-BF04","other"
"BF04","054D",0.1,"054D-BF04","other"
"BF04","0F3D",0.0625,"0F3D-BF04","other"
"4C7B","41C1",0.285714285714286,"41C1-4C7B","other"
"4C7B","E063",0.222222222222222,"4C7B-E063","other"
"4C7B","DCCF",0.0714285714285714,"4C7B-DCCF","other"
"4C7B","C5F2",0.0666666666666667,"4C7B-C5F2","other"
"4C7B","AA3C",0.0526315789473684,"4C7B-AA3C","other"
"4C7B","80F1",0.0769230769230769,"4C7B-80F1","other"
"4C7B","CB2B",0.181818181818182,"4C7B-CB2B","other"
"4C7B","5939",0.272727272727273,"4C7B-5939","other"
"4C7B","0387",0.214285714285714,"0387-4C7B","other"
"4C7B","C809",0.0625,"4C7B-C809","other"
"4C7B","3CC1",0.0714285714285714,"3CC1-4C7B","other"
"4C7B","AC37",0.105263157894737,"4C7B-AC37","other"
"4C7B","F429",0.125,"4C7B-F429","other"
"4C7B","A42D",0.307692307692308,"4C7B-A42D","other"
"4C7B","0145",0.0714285714285714,"0145-4C7B","other"
"4C7B","A816",0.0769230769230769,"4C7B-A816","other"
"4C7B","9907",0.333333333333333,"4C7B-9907","other"
"4C7B","A24D",0.166666666666667,"4C7B-A24D","other"
"4C7B","D4DC",0.111111111111111,"4C7B-D4DC","other"
"4C7B","F377",0.0769230769230769,"4C7B-F377","other"
"4C7B","B8A2",0.285714285714286,"4C7B-B8A2","other"
"4C7B","663E",0.166666666666667,"4C7B-663E","other"
"4C7B","B0C8",0.1,"4C7B-B0C8","other"
"4C7B","0A62",0.0769230769230769,"0A62-4C7B","other"
"4C7B","1270",0.142857142857143,"1270-4C7B","other"
"41C1","E063",0.6,"41C1-E063","other"
"41C1","DCCF",0.0909090909090909,"41C1-DCCF","other"
"41C1","C5F2",0.0833333333333333,"41C1-C5F2","other"
"41C1","AA3C",0.133333333333333,"41C1-AA3C","other"
"41C1","80F1",0.1,"41C1-80F1","other"
"41C1","CB2B",0.111111111111111,"41C1-CB2B","other"
"41C1","5939",0.222222222222222,"41C1-5939","other"
"41C1","0387",0.0769230769230769,"0387-41C1","other"
"41C1","C809",0.0769230769230769,"41C1-C809","other"
"41C1","3CC1",0.0909090909090909,"3CC1-41C1","other"
"41C1","AC37",0.0588235294117647,"41C1-AC37","other"
"41C1","F429",0.0714285714285714,"41C1-F429","other"
"41C1","A42D",0.166666666666667,"41C1-A42D","other"
"41C1","0145",0.0909090909090909,"0145-41C1","other"
"41C1","A816",0.1,"41C1-A816","other"
"41C1","9907",0.3,"41C1-9907","other"
"41C1","A24D",0.222222222222222,"41C1-A24D","other"
"41C1","8BE4",0.0909090909090909,"41C1-8BE4","other"
"41C1","F377",0.222222222222222,"41C1-F377","other"
"E063","DCCF",0.0769230769230769,"DCCF-E063","other"
"E063","C5F2",0.0714285714285714,"C5F2-E063","other"
"E063","AA3C",0.1875,"AA3C-E063","other"
"E063","80F1",0.0833333333333333,"80F1-E063","other"
"E063","CB2B",0.0909090909090909,"CB2B-E063","other"
"E063","5939",0.3,"5939-E063","other"
"E063","0387",0.142857142857143,"0387-E063","other"
"E063","C809",0.0666666666666667,"C809-E063","other"
"E063","3CC1",0.166666666666667,"3CC1-E063","other"
"E063","AC37",0.0526315789473684,"AC37-E063","other"
"E063","F429",0.133333333333333,"E063-F429","other"
"E063","A42D",0.142857142857143,"A42D-E063","other"
"E063","0145",0.0769230769230769,"0145-E063","other"
"E063","A816",0.181818181818182,"A816-E063","other"
"E063","9907",0.363636363636364,"9907-E063","other"
"E063","A24D",0.3,"A24D-E063","other"
"E063","8BE4",0.166666666666667,"8BE4-E063","other"
"E063","F377",0.181818181818182,"E063-F377","other"
"DCCF","C5F2",0.461538461538462,"C5F2-DCCF","other"
"DCCF","AA3C",0.15,"AA3C-DCCF","other"
"DCCF","80F1",0.545454545454545,"80F1-DCCF","other"
"DCCF","CB2B",0.142857142857143,"CB2B-DCCF","other"
"DCCF","5939",0.0625,"5939-DCCF","other"
"DCCF","0387",0.111111111111111,"0387-DCCF","other"
"DCCF","C809",0.538461538461538,"C809-DCCF","other"
"DCCF","3CC1",0.384615384615385,"3CC1-DCCF","other"
"DCCF","AC37",0.0909090909090909,"AC37-DCCF","other"
"DCCF","F429",0.3125,"DCCF-F429","other"
"DCCF","A42D",0.111111111111111,"A42D-DCCF","other"
"DCCF","0145",0.636363636363636,"0145-DCCF","other"
"DCCF","A816",0.0625,"A816-DCCF","other"
"DCCF","9907",0.0555555555555556,"9907-DCCF","other"
"DCCF","A24D",0.0625,"A24D-DCCF","other"
"DCCF","D4DC",0.0833333333333333,"D4DC-DCCF","other"
"DCCF","8BE4",0.125,"8BE4-DCCF","other"
"DCCF","29B2",0.333333333333333,"29B2-DCCF","other"
"DCCF","F377",0.0625,"DCCF-F377","other"
"DCCF","D629",0.461538461538462,"D629-DCCF","other"
"DCCF","A5EF",0.333333333333333,"A5EF-DCCF","other"
"DCCF","0F3D",0.0625,"0F3D-DCCF","other"
"C5F2","AA3C",0.142857142857143,"AA3C-C5F2","other"
"C5F2","80F1",0.5,"80F1-C5F2","other"
"C5F2","CB2B",0.133333333333333,"C5F2-CB2B","other"
"C5F2","5939",0.0588235294117647,"5939-C5F2","other"
"C5F2","0387",0.235294117647059,"0387-C5F2","other"
"C5F2","C809",0.615384615384615,"C5F2-C809","other"
"C5F2","3CC1",0.583333333333333,"3CC1-C5F2","other"
"C5F2","AC37",0.136363636363636,"AC37-C5F2","other"
"C5F2","F429",0.466666666666667,"C5F2-F429","other"
"C5F2","A42D",0.05,"A42D-C5F2","other"
"C5F2","0145",0.461538461538462,"0145-C5F2","other"
"C5F2","A816",0.0588235294117647,"A816-C5F2","other"
"C5F2","9907",0.0526315789473684,"9907-C5F2","other"
"C5F2","A24D",0.125,"A24D-C5F2","other"
"C5F2","D4DC",0.166666666666667,"C5F2-D4DC","other"
"C5F2","8BE4",0.117647058823529,"8BE4-C5F2","other"
"C5F2","29B2",0.307692307692308,"29B2-C5F2","other"
"C5F2","F377",0.0588235294117647,"C5F2-F377","other"
"C5F2","D629",0.428571428571429,"C5F2-D629","other"
"C5F2","A539",0.0909090909090909,"A539-C5F2","other"
"C5F2","A5EF",0.3,"A5EF-C5F2","other"
"AA3C","80F1",0.0476190476190476,"80F1-AA3C","other"
"AA3C","CB2B",0.235294117647059,"AA3C-CB2B","other"
"AA3C","5939",0.1,"5939-AA3C","other"
"AA3C","0387",0.25,"0387-AA3C","other"
"AA3C","C809",0.136363636363636,"AA3C-C809","other"
"AA3C","3CC1",0.210526315789474,"3CC1-AA3C","other"
"AA3C","AC37",0.380952380952381,"AA3C-AC37","other"
"AA3C","F429",0.130434782608696,"AA3C-F429","other"
"AA3C","A42D",0.19047619047619,"A42D-AA3C","other"
"AA3C","0145",0.0952380952380952,"0145-AA3C","other"
"AA3C","A816",0.375,"A816-AA3C","other"
"AA3C","9907",0.333333333333333,"9907-AA3C","other"
"AA3C","A24D",0.222222222222222,"A24D-AA3C","other"
"AA3C","D4DC",0.125,"AA3C-D4DC","other"
"AA3C","8BE4",0.277777777777778,"8BE4-AA3C","other"
"AA3C","29B2",0.05,"29B2-AA3C","other"
"AA3C","F377",0.157894736842105,"AA3C-F377","other"
"AA3C","D629",0.0434782608695652,"AA3C-D629","other"
"AA3C","663E",0.1,"663E-AA3C","other"
"AA3C","B0C8",0.117647058823529,"AA3C-B0C8","other"
"AA3C","FB4B",0.133333333333333,"AA3C-FB4B","other"
"AA3C","0A62",0.157894736842105,"0A62-AA3C","mother-daughter"
"AA3C","0F3D",0.375,"0F3D-AA3C","other"
"AA3C","0636",0.235294117647059,"0636-AA3C","other"
"80F1","CB2B",0.0714285714285714,"80F1-CB2B","other"
"80F1","5939",0.0666666666666667,"5939-80F1","other"
"80F1","0387",0.0555555555555556,"0387-80F1","other"
"80F1","C809",0.461538461538462,"80F1-C809","other"
"80F1","3CC1",0.416666666666667,"3CC1-80F1","other"
"80F1","AC37",0.0454545454545455,"80F1-AC37","other"
"80F1","F429",0.428571428571429,"80F1-F429","other"
"80F1","A42D",0.0555555555555556,"80F1-A42D","other"
"80F1","0145",0.416666666666667,"0145-80F1","other"
"80F1","A816",0.0666666666666667,"80F1-A816","other"
"80F1","9907",0.0588235294117647,"80F1-9907","other"
"80F1","29B2",0.363636363636364,"29B2-80F1","other"
"80F1","D629",0.5,"80F1-D629","other"
"80F1","A5EF",0.375,"80F1-A5EF","other"
"CB2B","5939",0.153846153846154,"5939-CB2B","other"
"CB2B","0387",0.2,"0387-CB2B","other"
"CB2B","C809",0.125,"C809-CB2B","other"
"CB2B","3CC1",0.230769230769231,"3CC1-CB2B","other"
"CB2B","AC37",0.294117647058824,"AC37-CB2B","other"
"CB2B","F429",0.117647058823529,"CB2B-F429","other"
"CB2B","A42D",0.125,"A42D-CB2B","other"
"CB2B","0145",0.142857142857143,"0145-CB2B","other"
"CB2B","A816",0.363636363636364,"A816-CB2B","other"
"CB2B","9907",0.0625,"9907-CB2B","other"
"CB2B","A24D",0.0714285714285714,"A24D-CB2B","other"
"CB2B","D4DC",0.222222222222222,"CB2B-D4DC","other"
"CB2B","8BE4",0.142857142857143,"8BE4-CB2B","other"
"CB2B","29B2",0.0769230769230769,"29B2-CB2B","other"
"CB2B","F377",0.153846153846154,"CB2B-F377","other"
"CB2B","D629",0.0625,"CB2B-D629","other"
"CB2B","B8A2",0.111111111111111,"B8A2-CB2B","other"
"CB2B","663E",0.363636363636364,"663E-CB2B","other"
"CB2B","A539",0.125,"A539-CB2B","other"
"5939","0387",0.117647058823529,"0387-5939","other"
"5939","C809",0.0555555555555556,"5939-C809","other"
"5939","3CC1",0.0625,"3CC1-5939","other"
"5939","AC37",0.0454545454545455,"5939-AC37","other"
"5939","F429",0.0526315789473684,"5939-F429","other"
"5939","A42D",0.1875,"5939-A42D","other"
"5939","0145",0.0625,"0145-5939","other"
"5939","A816",0.0666666666666667,"5939-A816","other"
"5939","9907",0.2,"5939-9907","other"
"5939","A24D",0.142857142857143,"5939-A24D","other"
"5939","8BE4",0.133333333333333,"5939-8BE4","other"
"5939","F377",0.0666666666666667,"5939-F377","other"
"5939","B8A2",0.222222222222222,"5939-B8A2","other"
"5939","663E",0.230769230769231,"5939-663E","other"
"5939","B0C8",0.0833333333333333,"5939-B0C8","other"
"5939","0A62",0.142857142857143,"0A62-5939","other"
"5939","1270",0.25,"1270-5939","mother-daughter"
"0387","C809",0.222222222222222,"0387-C809","other"
"0387","3CC1",0.25,"0387-3CC1","other"
"0387","AC37",0.238095238095238,"0387-AC37","other"
"0387","F429",0.210526315789474,"0387-F429","other"
"0387","A42D",0.0476190476190476,"0387-A42D","other"
"0387","0145",0.176470588235294,"0145-0387","other"
"0387","A816",0.117647058823529,"0387-A816","other"
"0387","9907",0.166666666666667,"0387-9907","other"
"0387","A24D",0.357142857142857,"0387-A24D","other"
"0387","D4DC",0.25,"0387-D4DC","other"
"0387","8BE4",0.25,"0387-8BE4","other"
"0387","29B2",0.125,"0387-29B2","other"
"0387","F377",0.117647058823529,"0387-F377","other"
"0387","D629",0.05,"0387-D629","other"
"0387","B8A2",0.0769230769230769,"0387-B8A2","other"
"0387","663E",0.0555555555555556,"0387-663E","other"
"0387","A539",0.0833333333333333,"0387-A539","other"
"0387","0F3D",0.0555555555555556,"0387-0F3D","other"
"0387","0636",0.0588235294117647,"0387-0636","other"
"C809","3CC1",0.333333333333333,"3CC1-C809","other"
"C809","AC37",0.130434782608696,"AC37-C809","other"
"C809","F429",0.4375,"C809-F429","other"
"C809","A42D",0.0476190476190476,"A42D-C809","other"
"C809","0145",0.538461538461538,"0145-C809","other"
"C809","A816",0.0555555555555556,"A816-C809","other"
"C809","9907",0.05,"9907-C809","other"
"C809","A24D",0.117647058823529,"A24D-C809","other"
"C809","D4DC",0.153846153846154,"C809-D4DC","other"
"C809","8BE4",0.111111111111111,"8BE4-C809","other"
"C809","29B2",0.5,"29B2-C809","other"
"C809","F377",0.0555555555555556,"C809-F377","other"
"C809","D629",0.615384615384615,"C809-D629","other"
"C809","A5EF",0.272727272727273,"A5EF-C809","other"
"3CC1","AC37",0.2,"3CC1-AC37","other"
"3CC1","F429",0.4,"3CC1-F429","other"
"3CC1","A42D",0.0526315789473684,"3CC1-A42D","other"
"3CC1","0145",0.384615384615385,"0145-3CC1","other"
"3CC1","A816",0.214285714285714,"3CC1-A816","other"
"3CC1","9907",0.117647058823529,"3CC1-9907","other"
"3CC1","A24D",0.133333333333333,"3CC1-A24D","other"
"3CC1","D4DC",0.0833333333333333,"3CC1-D4DC","other"
"3CC1","8BE4",0.125,"3CC1-8BE4","other"
"3CC1","29B2",0.333333333333333,"29B2-3CC1","other"
"3CC1","F377",0.0625,"3CC1-F377","other"
"3CC1","D629",0.266666666666667,"3CC1-D629","other"
"3CC1","663E",0.0625,"3CC1-663E","other"
"3CC1","A539",0.1,"3CC1-A539","other"
"3CC1","A5EF",0.2,"3CC1-A5EF","other"
"AC37","F429",0.08,"AC37-F429","other"
"AC37","A42D",0.238095238095238,"A42D-AC37","other"
"AC37","0145",0.2,"0145-AC37","other"
"AC37","A816",0.210526315789474,"A816-AC37","other"
"AC37","9907",0.19047619047619,"9907-AC37","other"
"AC37","A24D",0.0454545454545455,"A24D-AC37","other"
"AC37","D4DC",0.0555555555555556,"AC37-D4DC","other"
"AC37","8BE4",0.0909090909090909,"8BE4-AC37","other"
"AC37","29B2",0.1,"29B2-AC37","other"
"AC37","F377",0.15,"AC37-F377","other"
"AC37","D629",0.0416666666666667,"AC37-D629","other"
"AC37","B8A2",0.0588235294117647,"AC37-B8A2","other"
"AC37","663E",0.210526315789474,"663E-AC37","other"
"AC37","A539",0.133333333333333,"A539-AC37","other"
"AC37","B0C8",0.111111111111111,"AC37-B0C8","other"
"AC37","FB4B",0.2,"AC37-FB4B","other"
"AC37","0A62",0.15,"0A62-AC37","other"
"AC37","0F3D",0.277777777777778,"0F3D-AC37","other"
"AC37","0636",0.294117647058824,"0636-AC37","other"
"F429","A42D",0.0454545454545455,"A42D-F429","other"
"F429","0145",0.235294117647059,"0145-F429","other"
"F429","A816",0.111111111111111,"A816-F429","other"
"F429","9907",0.1,"9907-F429","other"
"F429","A24D",0.111111111111111,"A24D-F429","other"
"F429","D4DC",0.142857142857143,"D4DC-F429","other"
"F429","8BE4",0.105263157894737,"8BE4-F429","other"
"F429","29B2",0.1875,"29B2-F429","other"
"F429","D629",0.294117647058824,"D629-F429","other"
"F429","A5EF",0.153846153846154,"A5EF-F429","other"
"F429","054D",0.0769230769230769,"054D-F429","other"
"F429","B0C8",0.0625,"B0C8-F429","other"
"F429","0A62",0.0526315789473684,"0A62-F429","other"
"F429","0F3D",0.111111111111111,"0F3D-F429","other"
"F429","0636",0.0555555555555556,"0636-F429","other"
"A42D","0145",0.111111111111111,"0145-A42D","other"
"A42D","A816",0.117647058823529,"A42D-A816","other"
"A42D","9907",0.235294117647059,"9907-A42D","other"
"A42D","A24D",0.117647058823529,"A24D-A42D","other"
"A42D","8BE4",0.111111111111111,"8BE4-A42D","other"
"A42D","F377",0.266666666666667,"A42D-F377","other"
"A42D","B8A2",0.0769230769230769,"A42D-B8A2","other"
"A42D","663E",0.266666666666667,"663E-A42D","other"
"A42D","B0C8",0.142857142857143,"A42D-B0C8","other"
"A42D","0A62",0.1875,"0A62-A42D","other"
"A42D","1270",0.0833333333333333,"1270-A42D","other"
"A42D","0F3D",0.117647058823529,"0F3D-A42D","other"
"0145","A816",0.0625,"0145-A816","other"
"0145","9907",0.0555555555555556,"0145-9907","other"
"0145","A24D",0.0625,"0145-A24D","other"
"0145","D4DC",0.0833333333333333,"0145-D4DC","other"
"0145","8BE4",0.125,"0145-8BE4","other"
"0145","29B2",0.454545454545455,"0145-29B2","other"
"0145","F377",0.133333333333333,"0145-F377","other"
"0145","D629",0.357142857142857,"0145-D629","other"
"0145","663E",0.0625,"0145-663E","other"
"0145","A5EF",0.333333333333333,"0145-A5EF","other"
"A816","9907",0.2,"9907-A816","other"
"A816","A24D",0.0666666666666667,"A24D-A816","other"
"A816","8BE4",0.133333333333333,"8BE4-A816","other"
"A816","F377",0.142857142857143,"A816-F377","other"
"A816","663E",0.230769230769231,"663E-A816","other"
"A816","A539",0.111111111111111,"A539-A816","other"
"A816","B0C8",0.0833333333333333,"A816-B0C8","mother-daughter"
"A816","0A62",0.0666666666666667,"0A62-A816","other"
"A816","0F3D",0.0666666666666667,"0F3D-A816","other"
"A816","0636",0.0714285714285714,"0636-A816","other"
"9907","A24D",0.384615384615385,"9907-A24D","mother-daughter"
"9907","8BE4",0.1875,"8BE4-9907","other"
"9907","F377",0.2,"9907-F377","other"
"9907","B8A2",0.0833333333333333,"9907-B8A2","other"
"9907","663E",0.0588235294117647,"663E-9907","other"
"9907","B0C8",0.153846153846154,"9907-B0C8","other"
"9907","FB4B",0.181818181818182,"9907-FB4B","other"
"9907","0A62",0.2,"0A62-9907","other"
"9907","1270",0.0909090909090909,"1270-9907","other"
"9907","0F3D",0.2,"0F3D-9907","other"
"9907","0636",0.214285714285714,"0636-9907","other"
"A24D","D4DC",0.2,"A24D-D4DC","other"
"A24D","8BE4",0.416666666666667,"8BE4-A24D","other"
"A24D","29B2",0.0714285714285714,"29B2-A24D","other"
"A24D","F377",0.333333333333333,"A24D-F377","other"
"A24D","D629",0.0588235294117647,"A24D-D629","other"
"A24D","663E",0.0666666666666667,"663E-A24D","other"
"A24D","B0C8",0.0833333333333333,"A24D-B0C8","other"
"A24D","0A62",0.0666666666666667,"0A62-A24D","other"
"A24D","1270",0.111111111111111,"1270-A24D","other"
"D4DC","8BE4",0.181818181818182,"8BE4-D4DC","other"
"D4DC","29B2",0.1,"29B2-D4DC","other"
"D4DC","F377",0.0909090909090909,"D4DC-F377","other"
"D4DC","D629",0.0769230769230769,"D4DC-D629","other"
"8BE4","29B2",0.0666666666666667,"29B2-8BE4","other"
"8BE4","F377",0.416666666666667,"8BE4-F377","other"
"8BE4","D629",0.0555555555555556,"8BE4-D629","other"
"8BE4","B8A2",0.0909090909090909,"8BE4-B8A2","other"
"8BE4","663E",0.133333333333333,"663E-8BE4","other"
"8BE4","0F3D",0.0625,"0F3D-8BE4","other"
"29B2","F377",0.0714285714285714,"29B2-F377","other"
"29B2","D629",0.545454545454545,"29B2-D629","other"
"29B2","A5EF",0.25,"29B2-A5EF","other"
"F377","D629",0.0588235294117647,"D629-F377","other"
"F377","663E",0.230769230769231,"663E-F377","other"
"F377","0A62",0.0666666666666667,"0A62-F377","other"
"D629","A5EF",0.3,"A5EF-D629","other"
"B8A2","663E",0.222222222222222,"663E-B8A2","other"
"663E","A539",0.111111111111111,"663E-A539","other"
"663E","B0C8",0.0833333333333333,"663E-B0C8","other"
"663E","0A62",0.142857142857143,"0A62-663E","other"
"663E","1270",0.111111111111111,"1270-663E","other"
"054D","0F3D",0.111111111111111,"054D-0F3D","other"
"B0C8","0A62",0.625,"0A62-B0C8","other"
"B0C8","1270",0.166666666666667,"1270-B0C8","other"
"B0C8","0F3D",0.3,"0F3D-B0C8","other"
"B0C8","0636",0.333333333333333,"0636-B0C8","other"
"FB4B","0A62",0.1,"0A62-FB4B","other"
"FB4B","0F3D",0.222222222222222,"0F3D-FB4B","other"
"FB4B","0636",0.428571428571429,"0636-FB4B","other"
"0A62","1270",0.25,"0A62-1270","other"
"0A62","0F3D",0.333333333333333,"0A62-0F3D","other"
"0A62","0636",0.363636363636364,"0636-0A62","other"
"0F3D","0636",0.5,"0636-0F3D","other"
